year,outlook,temp,wind,season,humidity,up/down,market difference,current,previous day
2015,overcast,48,7,winter,82,up,168.43,17888.35,17719.92
2015,overcast,52,3,winter,90,down,-158.67,17729.68,17888.35
2015,cloudy,50,8,winter,66,down,-252.01,17477.67,17729.68
2015,clear,47,4,winter,52,up,369.96,17847.63,17477.67
2015,clear,46,2,winter,53,down,-39.04,17808.59,17847.63
2015,clear,46,3,winter,60,down,-39.04,17769.55,17808.59
2015,clear,48,4,winter,51,down,-39.04,17730.51,17769.55
2015,overcast,45,5,winter,56,down,-162.51,17568.00,17730.51
2015,overcast,48,4,winter,61,down,-75.70,17492.30,17568.00
2015,clear,56,4,winter,62,up,82.45,17574.75,17492.30
2015,clear,56,5,winter,66,down,-309.54,17265.21,17574.75
2015,clear,61,2,winter,58,up,34.43,17299.64,17265.21
2015,haze,61,3,winter,60,up,34.43,17334.07,17299.64
2015,overcast,60,5,winter,78,up,34.43,17368.50,17334.07
2015,light rain,61,10,winter,63,up,156.41,17524.91,17368.50
2015,clear,50,5,winter,62,up,224.18,17749.09,17524.91
2015,rain,55,5,winter,78,down,-253.25,17495.84,17749.09
2015,overcast,48,7,winter,61,down,-367.29,17128.55,17495.84
2015,cloudy,38,9,winter,41,up,41.02,17169.57,17128.55
2015,clear,39,6,winter,41,up,41.02,17210.59,17169.57
2015,clear,48,7,winter,54,up,41.03,17251.62,17210.59
2015,light rain,58,5,winter,76,up,165.65,17417.27,17251.62
2015,rain,58,4,winter,87,up,185.34,17602.61,17417.27
2015,cloudy,68,4,winter,73,down,-50.44,17552.17,17602.61
2015,overcast,62,1,winter,74,down,-5.98,17546.19,17552.17
2015,overcast,53,8,winter,57,down,-5.97,17540.22,17546.19
2015,overcast,54,6,winter,79,down,-5.98,17534.24,17540.22
2015,clear,40,8,winter,56,down,-5.97,17528.27,17534.24
2015,overcast,40,7,winter,87,up,192.71,17720.98,17528.27
2015,overcast,43,4,winter,81,down,-117.11,17603.87,17720.98
2015,overcast,45,5,winter,71,down,-178.84,17425.03,17603.87
2016,overcast,38,8,winter,52,down,-69.03,17356.00,17425.03
2016,overcast,36,7,winter,46,down,-69.02,17286.98,17356.00
2016,clear,40,8,winter,47,down,-69.02,17217.96,17286.98
2016,clear,25,9,winter,44,down,-69.02,17148.94,17217.96
2016,clear,20,5,winter,41,up,9.72,17158.66,17148.94
2016,clear,33,4,winter,35,down,-252.15,16906.51,17158.66
2016,cloudy,39,2,winter,33,down,-392.41,16514.10,16906.51
2016,overcast,39,4,winter,64,down,-167.65,16346.45,16514.10
2016,overcast,44,8,winter,77,up,17.37,16363.82,16346.45
2016,heavy rain,50,10,winter,71,up,17.37,16381.19,16363.82
2016,clear,33,10,winter,37,up,17.38,16398.57,16381.19
2016,clear,35,6,winter,53,up,116.65,16515.22,16398.57
2016,clear,26,10,winter,42,down,-363.81,16151.41,16515.22
2016,overcast,30,5,winter,47,up,227.64,16379.05,16151.41
2016,clear,43,5,winter,62,down,-390.97,15988.08,16379.05
2016,light rain,47,7,winter,70,up,6.98,15995.06,15988.08
2016,overcast,36,6,winter,66,up,6.99,16002.05,15995.06
2016,light snow,25,12,winter,53,up,6.98,16009.03,16002.05
2016,clear,22,11,winter,42,up,6.99,16016.02,16009.03
2016,clear,32,6,winter,49,down,-249.28,15766.74,16016.02
2016,clear,31,6,winter,45,up,115.94,15882.68,15766.74
2016,clear,26,7,winter,41,up,210.83,16093.51,15882.68
2016,heavy snow,26,16,winter,78,down,-69.43,16024.08,16093.51
2016,light snow,28,6,winter,53,down,-69.43,15954.65,16024.08
2016,clear,34,3,winter,54,down,-69.43,15885.22,15954.65
2016,clear,43,7,winter,56,up,282.01,16167.23,15885.22
2016,cloudy,41,7,winter,45,down,-222.77,15944.46,16167.23
2016,clear,37,5,winter,51,up,125.18,16069.64,15944.46
2016,overcast,36,8,winter,50,up,396.66,16466.30,16069.64
2016,clear,34,7,winter,46,down,-8.56,16457.74,16466.30
2016,clear,46,5,winter,52,down,-8.56,16449.18,16457.74
2016,cloudy,70,7,spring,61,up,107.66,17792.75,17685.09
2016,overcast,55,5,spring,63,down,-18.58,17774.17,17792.75
2016,cloudy,42,13,spring,51,down,-18.58,17755.59,17774.17
2016,rain,37,7,spring,67,down,-18.58,17737.01,17755.59
2016,clear,35,8,spring,44,down,-133.69,17603.32,17737.01
2016,clear,39,6,spring,48,up,112.73,17716.05,17603.32
2016,overcast,53,7,spring,69,down,-174.09,17541.96,17716.05
2016,overcast,45,7,spring,48,up,35.00,17576.96,17541.96
2016,light rain,40,12,spring,63,down,-6.85,17570.11,17576.96
2016,clear,41,5,spring,36,down,-6.85,17563.26,17570.11
2016,overcast,54,7,spring,51,down,-6.85,17556.41,17563.26
2016,light rain,52,6,spring,61,up,164.84,17721.25,17556.41
2016,clear,49,6,spring,42,up,187.03,17908.28,17721.25
2016,clear,53,6,spring,42,up,18.15,17926.43,17908.28
2016,clear,54,4,spring,47,down,-28.97,17897.46,17926.43
2016,clear,56,8,spring,40,up,35.57,17933.03,17897.46
2016,clear,60,3,spring,43,up,35.57,17968.59,17933.03
2016,clear,67,4,spring,34,up,35.57,18004.16,17968.59
2016,clear,64,8,spring,26,up,49.44,18053.60,18004.16
2016,clear,59,6,spring,23,up,42.67,18096.27,18053.60
2016,clear,61,6,spring,37,down,-113.75,17982.52,18096.27
2016,clear,71,4,spring,55,up,21.23,18003.75,17982.52
2016,light rain,63,7,spring,63,down,-8.84,17994.91,18003.75
2016,clear,58,6,spring,42,down,-8.84,17986.08,17994.91
2016,clear,60,4,spring,49,down,-8.84,17977.24,17986.08
2016,rain,54,7,spring,75,up,13.08,17990.32,17977.24
2016,overcast,54,4,spring,60,up,51.23,18041.55,17990.32
2016,clear,54,5,spring,51,down,-210.79,17830.76,18041.55
2016,overcast,52,6,spring,48,down,-57.12,17773.64,17830.76
2016,overcast,56,6,spring,50,up,39.17,17812.81,17773.64
2016,light rain,48,5,spring,72,up,39.17,17851.99,17812.81
2016,overcast,53,2,spring,83,up,39.17,17891.16,17851.99
2016,rain,54,6,spring,90,down,-140.25,17750.91,17891.16
2016,overcast,50,9,spring,80,down,-99.65,17651.26,17750.91
2016,overcast,52,8,spring,72,up,9.45,17660.71,17651.26
2016,rain,51,8,spring,80,up,79.92,17740.63,17660.71
2016,overcast,54,4,spring,80,down,-11.57,17729.06,17740.63
2016,light rain,58,5,spring,54,down,-11.57,17717.48,17729.06
2016,clear,62,5,spring,37,down,-11.57,17705.91,17717.48
2016,clear,57,5,spring,42,up,222.44,17928.35,17705.91
2016,clear,63,3,spring,48,down,-217.23,17711.12,17928.35
2016,clear,68,3,spring,48,up,9.38,17720.50,17711.12
2016,light rain,62,6,spring,86,down,-185.18,17535.32,17720.50
2016,clear,65,4,spring,83,up,58.46,17593.78,17535.32
2016,overcast,52,3,spring,48,up,58.46,17652.25,17593.78
2016,overcast,55,4,spring,31,up,58.46,17710.71,17652.25
2016,clear,58,4,spring,56,down,-180.73,17529.98,17710.71
2016,clear,56,2,spring,57,down,-3.36,17526.62,17529.98
2016,cloudy,64,1,spring,47,down,-91.22,17435.40,17526.62
2016,clear,65,5,spring,42,up,65.54,17500.94,17435.40
2016,clear,60,4,spring,62,down,-2.67,17498.27,17500.94
2016,overcast,61,4,spring,63,down,-2.67,17495.60,17498.27
2016,clear,67,3,spring,63,down,-2.67,17492.93,17495.60
2016,light rain,66,2,spring,70,up,213.12,17706.05,17492.93
2016,clear,75,4,spring,46,up,145.46,17851.51,17706.05
2016,clear,80,4,spring,37,down,-23.22,17828.29,17851.51
2016,clear,80,4,spring,54,up,44.93,17873.22,17828.29
2016,clear,82,4,spring,55,down,-21.51,17851.72,17873.22
2016,clear,79,5,spring,58,down,-21.51,17830.21,17851.72
2016,heavy rain,75,3,spring,84,down,-21.51,17808.71,17830.21
2016,overcast,78,3,spring,64,down,-21.51,17787.20,17808.71
2016,light rain,73,3,summer,75,up,19.38,17949.37,17929.99
2016,cloudy,70,5,summer,63,down,-27.19,17922.18,17949.37
2016,clear,71,3,summer,54,down,-27.19,17895.00,17922.18
2016,clear,75,3,summer,57,down,-27.19,17867.81,17895.00
2016,heavy rain,78,3,summer,74,down,-27.19,17840.62,17867.81
2016,clear,83,2,summer,58,up,78.00,17918.62,17840.62
2016,clear,83,2,summer,71,down,-22.74,17895.88,17918.62
2016,clear,77,5,summer,77,up,250.86,18146.74,17895.88
2016,overcast,69,4,summer,80,up,26.73,18173.47,18146.74
2016,cloudy,73,4,summer,76,up,26.73,18200.20,18173.47
2016,clear,73,3,summer,61,up,26.73,18226.93,18200.20
2016,clear,75,4,summer,62,up,120.74,18347.67,18226.93
2016,cloudy,78,5,summer,72,up,24.45,18372.12,18347.67
2016,light rain,81,3,summer,79,up,134.29,18506.41,18372.12
2016,clear,84,4,summer,63,up,10.14,18516.55,18506.41
2016,clear,83,4,summer,57,up,5.50,18522.05,18516.55
2016,clear,82,3,summer,59,up,5.50,18527.55,18522.05
2016,clear,83,6,summer,67,up,5.50,18533.05,18527.55
2016,clear,78,5,summer,57,up,25.96,18559.01,18533.05
2016,clear,77,3,summer,45,up,36.02,18595.03,18559.01
2016,clear,81,5,summer,57,down,-77.80,18517.23,18595.03
2016,clear,84,7,summer,63,up,53.62,18570.85,18517.23
2016,clear,88,5,summer,42,down,-25.93,18544.92,18570.85
2016,clear,85,4,summer,46,down,-25.93,18518.99,18544.92
2016,cloudy,83,3,summer,73,down,-25.93,18493.06,18518.99
2016,clear,81,4,summer,67,down,-19.31,18473.75,18493.06
2016,clear,83,2,summer,53,down,-1.58,18472.17,18473.75
2016,clear,85,3,summer,54,down,-15.82,18456.35,18472.17
2016,rain,77,4,summer,80,down,-24.11,18432.24,18456.35
2016,rain,79,4,summer,79,down,-9.24,18423.00,18432.24
2016,overcast,75,4,summer,84,down,-9.24,18413.75,18423.00
2016,overcast,75,5,summer,82,down,-9.24,18404.51,18413.75
2016,overcast,74,7,summer,68,down,-90.74,18313.77,18404.51
2016,clear,73,3,summer,63,up,41.23,18355.00,18313.77
2016,clear,74,2,summer,66,down,-2.95,18352.05,18355.00
2016,clear,76,4,summer,62,up,191.48,18543.53,18352.05
2016,cloudy,80,5,summer,67,down,-4.75,18538.78,18543.53
2016,clear,78,4,summer,52,down,-4.75,18534.04,18538.78
2016,clear,79,1,summer,56,down,-4.75,18529.29,18534.04
2016,clear,79,3,summer,55,up,3.76,18533.05,18529.29
2016,overcast,81,4,summer,74,down,-37.39,18495.66,18533.05
2016,cloudy,83,5,summer,74,up,117.86,18613.52,18495.66
2016,light rain,83,5,summer,75,down,-37.05,18576.47,18613.52
2016,clear,89,4,summer,68,up,19.86,18596.33,18576.47
2016,clear,86,4,summer,70,up,19.86,18616.19,18596.33
2016,clear,85,3,summer,60,up,19.86,18636.05,18616.19
2016,light rain,83,4,summer,77,down,-84.03,18552.02,18636.05
2016,clear,81,5,summer,65,up,21.92,18573.94,18552.02
2016,overcast,79,2,summer,71,up,23.76,18597.70,18573.94
2016,cloudy,81,2,summer,68,down,-45.13,18552.57,18597.70
2016,light rain,77,5,summer,78,down,-7.72,18544.85,18552.57
2016,cloudy,80,4,summer,76,down,-7.72,18537.14,18544.85
2016,clear,72,6,summer,59,down,-7.72,18529.42,18537.14
2016,clear,72,2,summer,52,up,17.88,18547.30,18529.42
2016,clear,78,3,summer,56,down,-65.82,18481.48,18547.30
2016,overcast,78,4,summer,65,down,-33.07,18448.41,18481.48
2016,rain,83,6,summer,61,down,-53.01,18395.40,18448.41
2016,clear,82,3,summer,47,up,35.86,18431.26,18395.40
2016,clear,81,2,summer,62,up,35.86,18467.13,18431.26
2016,clear,83,5,summer,54,up,35.86,18502.99,18467.13
2016,clear,78,3,summer,59,down,-48.69,18454.30,18502.99
2016,cloudy,82,3,summer,64,down,-53.42,18400.88,18454.30
2016,overcast,59,8,fall,86,down,-18.10,18290.05,18308.15
2016,overcast,60,3,fall,86,down,-18.10,18271.95,18290.05
2016,overcast,66,2,fall,74,down,-18.10,18253.85,18271.95
2016,overcast,65,8,fall,70,down,-85.40,18168.45,18253.85
2016,clear,60,5,fall,63,up,112.58,18281.03,18168.45
2016,clear,64,2,fall,66,down,-12.53,18268.50,18281.03
2016,clear,66,2,fall,67,down,-28.01,18240.49,18268.50
2016,rain,63,2,fall,85,up,29.52,18270.01,18240.49
2016,light rain,58,7,fall,74,up,29.52,18299.52,18270.01
2016,clear,56,5,fall,46,up,29.52,18329.04,18299.52
2016,clear,55,4,fall,59,down,-200.38,18128.66,18329.04
2016,cloudy,60,1,fall,73,up,15.54,18144.20,18128.66
2016,cloudy,60,3,fall,74,down,-45.26,18098.94,18144.20
2016,clear,55,5,fall,53,up,39.44,18138.38,18098.94
2016,clear,55,3,fall,60,down,-17.33,18121.05,18138.38
2016,clear,61,4,fall,73,down,-17.33,18103.73,18121.05
2016,cloudy,72,3,fall,68,down,-17.33,18086.40,18103.73
2016,clear,74,4,fall,66,up,75.54,18161.94,18086.40
2016,cloudy,75,5,fall,58,up,40.68,18202.62,18161.94
2016,overcast,66,6,fall,72,down,-40.27,18162.35,18202.62
2016,overcast,63,2,fall,92,down,-16.64,18145.71,18162.35
2016,light rain,52,10,fall,73,up,25.77,18171.48,18145.71
2016,clear,53,8,fall,50,up,25.77,18197.26,18171.48
2016,cloudy,55,6,fall,58,up,25.77,18223.03,18197.26
2016,overcast,48,6,fall,52,down,-53.76,18169.27,18223.03
2016,clear,45,4,fall,52,up,30.06,18199.33,18169.27
2016,light rain,48,5,fall,70,down,-29.65,18169.68,18199.33
2016,cloudy,47,8,fall,71,down,-8.49,18161.19,18169.68
2016,clear,52,4,fall,61,down,-6.26,18154.93,18161.19
2016,light rain,65,4,fall,74,down,-6.26,18148.68,18154.93
2016,overcast,49,6,fall,59,down,-6.26,18142.42,18148.68
2016,clear,49,3,fall,68,down,-105.32,18037.10,18142.42
2016,clear,62,3,fall,68,down,-77.46,17959.64,18037.10
2016,haze,65,5,fall,68,down,-28.97,17930.67,17959.64
2016,clear,54,5,fall,48,down,-42.39,17888.28,17930.67
2016,clear,53,3,fall,52,up,123.77,18012.05,17888.28
2016,clear,52,8,fall,53,up,123.77,18135.83,18012.05
2016,clear,47,5,fall,49,up,123.77,18259.60,18135.83
2016,clear,54,3,fall,47,up,73.14,18332.74,18259.60
2016,overcast,54,4,fall,65,up,256.95,18589.69,18332.74
2016,clear,48,6,fall,55,up,218.19,18807.88,18589.69
2016,cloudy,52,8,fall,42,up,39.78,18847.66,18807.88
2016,clear,44,5,fall,39,up,7.01,18854.67,18847.66
2016,clear,51,5,fall,38,up,7.01,18861.68,18854.67
2016,clear,54,4,fall,27,up,7.01,18868.69,18861.68
2016,light rain,52,6,fall,66,up,54.37,18923.06,18868.69
2016,clear,53,4,fall,63,down,-54.92,18868.14,18923.06
2016,clear,55,4,fall,57,up,35.68,18903.82,18868.14
2016,clear,54,2,fall,55,down,-35.89,18867.93,18903.82
2016,clear,50,5,fall,65,up,29.59,18897.52,18867.93
2016,overcast,38,10,fall,65,up,29.59,18927.10,18897.52
2016,overcast,39,13,fall,45,up,29.59,18956.69,18927.10
2016,cloudy,39,10,fall,50,up,67.18,19023.87,18956.69
2016,clear,40,5,fall,49,up,59.31,19083.18,19023.87
2016,overcast,43,5,fall,72,up,34.48,19117.66,19083.18
2016,haze,50,2,fall,79,up,34.48,19152.14,19117.66
2016,cloudy,45,4,fall,68,down,-18.08,19134.06,19152.14
2016,clear,45,5,fall,58,down,-18.08,19115.98,19134.06
2016,clear,45,3,fall,53,down,-18.08,19097.90,19115.98
2016,rain,56,5,fall,78,up,43.70,19141.60,19097.90
2016,rain,54,6,fall,90,down,-18.02,19123.58,19141.60
2015,overcast,60,9,fall,70,down,-12.69,16272.01,16284.70
2015,rain,53,13,fall,79,up,200.36,16472.37,16272.01
2015,overcast,52,12,fall,76,up,101.35,16573.72,16472.37
2015,overcast,58,11,fall,57,up,101.35,16675.08,16573.72
2015,cloudy,60,6,fall,58,up,101.35,16776.43,16675.08
2015,clear,63,2,fall,58,up,13.76,16790.19,16776.43
2015,clear,66,3,fall,58,up,122.10,16912.29,16790.19
2015,cloudy,66,3,fall,61,up,138.46,17050.75,16912.29
2015,rain,70,4,fall,75,up,33.74,17084.49,17050.75
2015,clear,58,3,fall,51,up,15.79,17100.28,17084.49
2015,clear,61,4,fall,53,up,15.79,17116.07,17100.28
2015,clear,67,4,fall,50,up,15.79,17131.86,17116.07
2015,cloudy,67,4,fall,70,down,-49.97,17081.89,17131.86
2015,clear,63,4,fall,55,down,-157.14,16924.75,17081.89
2015,clear,58,4,fall,53,up,217.00,17141.75,16924.75
2015,cloudy,59,5,fall,50,up,74.22,17215.97,17141.75
2015,clear,49,6,fall,47,up,4.86,17220.83,17215.97
2015,clear,44,5,fall,43,up,4.86,17225.68,17220.83
2015,clear,44,4,fall,47,up,4.86,17230.54,17225.68
2015,clear,59,6,fall,42,down,-13.43,17217.11,17230.54
2015,clear,67,2,fall,50,down,-48.50,17168.61,17217.11
2015,clear,67,5,fall,52,up,320.55,17489.16,17168.61
2015,clear,55,7,fall,47,up,157.54,17646.70,17489.16
2015,clear,49,4,fall,62,down,-7.88,17638.82,17646.70
2015,overcast,58,5,fall,62,down,-7.88,17630.93,17638.82
2015,clear,52,4,fall,51,down,-7.88,17623.05,17630.93
2015,clear,52,4,fall,59,down,-41.62,17581.43,17623.05
2015,light rain,61,7,fall,80,up,198.09,17779.52,17581.43
2015,overcast,65,7,fall,58,down,-23.72,17755.80,17779.52
2015,clear,55,6,fall,42,down,-92.26,17663.54,17755.80
2015,clear,49,3,fall,52,up,55.07,17718.61,17663.54
2015,overcast,60,5,fall,62,up,55.07,17773.69,17718.61
2015,clear,59,2,fall,59,up,55.07,17828.76,17773.69
2015,clear,60,3,fall,55,up,89.39,17918.15,17828.76
2015,clear,63,2,fall,64,down,-50.57,17867.58,17918.15
2015,haze,64,2,fall,83,down,-4.15,17863.43,17867.58
2015,overcast,70,5,fall,76,up,46.90,17910.33,17863.43
2015,clear,63,4,fall,55,down,-59.95,17850.38,17910.33
2015,clear,51,4,fall,48,down,-59.95,17790.43,17850.38
2015,clear,51,2,fall,50,down,-59.95,17730.48,17790.43
2015,light rain,54,10,fall,79,up,27.73,17758.21,17730.48
2015,light rain,54,5,fall,77,down,-55.99,17702.22,17758.21
2015,overcast,56,6,fall,82,down,-254.15,17448.07,17702.22
2015,cloudy,52,11,fall,43,down,-202.83,17245.24,17448.07
2015,clear,46,8,fall,44,up,79.26,17324.50,17245.24
2015,clear,49,5,fall,49,up,79.26,17403.75,17324.50
2015,clear,59,4,fall,40,up,79.26,17483.01,17403.75
2015,clear,46,6,fall,49,up,6.49,17489.50,17483.01
2015,overcast,52,5,fall,65,up,247.66,17737.16,17489.50
2015,overcast,61,6,fall,83,down,-4.41,17732.75,17737.16
2015,clear,55,6,fall,57,up,91.06,17823.81,17732.75
2015,clear,48,6,fall,50,down,-10.38,17813.43,17823.81
2015,overcast,49,6,fall,62,down,-10.38,17803.06,17813.43
2015,clear,39,4,fall,37,down,-10.38,17792.68,17803.06
2015,overcast,39,3,fall,45,up,19.51,17812.19,17792.68
2015,clear,43,3,fall,51,up,1.20,17813.39,17812.19
2015,clear,51,4,fall,71,down,-7.45,17805.94,17813.39
2015,clear,58,6,fall,69,down,-7.45,17798.49,17805.94
2015,cloudy,53,7,fall,77,down,-26.19,17772.30,17798.49
2015,cloudy,43,6,fall,61,down,-26.19,17746.11,17772.30
2015,rain,40,6,fall,66,down,-26.19,17719.92,17746.11
2015,light rain,76,4,summer,68,up,138.40,17757.91,17619.51
2015,clear,75,1,summer,58,down,-27.80,17730.11,17757.91
2015,clear,74,3,summer,52,down,-11.63,17718.48,17730.11
2015,overcast,72,3,summer,60,down,-11.63,17706.85,17718.48
2015,clear,76,2,summer,60,down,-11.63,17695.21,17706.85
2015,haze,78,3,summer,68,down,-11.63,17683.58,17695.21
2015,overcast,82,5,summer,76,up,93.33,17776.91,17683.58
2015,haze,83,3,summer,72,down,-261.49,17515.42,17776.91
2015,haze,74,5,summer,72,up,33.20,17548.62,17515.42
2015,cloudy,78,5,summer,65,up,211.79,17760.41,17548.62
2015,clear,79,2,summer,45,up,72.42,17832.83,17760.41
2015,clear,81,2,summer,50,up,72.42,17905.26,17832.83
2015,clear,81,3,summer,53,up,72.42,17977.68,17905.26
2015,light rain,78,3,summer,74,up,75.90,18053.58,17977.68
2015,cloudy,77,4,summer,67,down,-3.41,18050.17,18053.58
2015,clear,72,6,summer,46,up,70.08,18120.25,18050.17
2015,clear,74,4,summer,62,down,-33.80,18086.45,18120.25
2015,rain,78,4,summer,72,up,4.65,18091.10,18086.45
2015,clear,86,3,summer,62,up,4.65,18095.76,18091.10
2015,clear,88,5,summer,57,up,4.65,18100.41,18095.76
2015,clear,82,3,summer,54,down,-181.12,17919.29,18100.41
2015,clear,77,6,summer,44,down,-68.25,17851.04,17919.29
2015,clear,77,4,summer,42,down,-119.12,17731.92,17851.04
2015,clear,79,2,summer,39,down,-163.39,17568.53,17731.92
2015,clear,79,3,summer,49,down,-42.65,17525.88,17568.53
2015,cloudy,82,5,summer,52,down,-42.65,17483.24,17525.88
2015,overcast,79,3,summer,72,down,-42.65,17440.59,17483.24
2015,clear,85,3,summer,57,up,189.68,17630.27,17440.59
2015,clear,87,4,summer,51,up,121.12,17751.39,17630.27
2015,overcast,82,4,summer,75,down,-5.41,17745.98,17751.39
2015,clear,81,3,summer,58,down,-56.12,17689.86,17745.98
2015,cloudy,82,4,summer,46,down,-30.55,17659.31,17689.86
2015,clear,80,2,summer,48,down,-30.55,17628.75,17659.31
2015,clear,83,5,summer,49,down,-30.55,17598.20,17628.75
2015,light rain,79,5,summer,61,down,-47.51,17550.69,17598.20
2015,clear,80,3,summer,47,down,-10.22,17540.47,17550.69
2015,clear,75,2,summer,47,down,-120.72,17419.75,17540.47
2015,clear,77,5,summer,48,down,-46.37,17373.38,17419.75
2015,clear,75,4,summer,58,up,80.60,17453.98,17373.38
2015,cloudy,77,4,summer,54,up,80.60,17534.57,17453.98
2015,cloudy,77,4,summer,57,up,80.60,17615.17,17534.57
2015,heavy rain,76,4,summer,79,down,-212.33,17402.84,17615.17
2015,clear,78,5,summer,56,down,-0.33,17402.51,17402.84
2015,clear,75,3,summer,47,up,5.74,17408.25,17402.51
2015,clear,78,3,summer,49,up,69.15,17477.40,17408.25
2015,clear,83,3,summer,50,up,22.59,17499.99,17477.40
2015,clear,85,2,summer,51,up,22.59,17522.59,17499.99
2015,clear,87,3,summer,51,up,22.59,17545.18,17522.59
2015,overcast,82,4,summer,67,down,-33.84,17511.34,17545.18
2015,cloudy,82,4,summer,70,down,-162.61,17348.73,17511.34
2015,cloudy,82,6,summer,67,down,-358.04,16990.69,17348.73
2015,overcast,79,4,summer,65,down,-530.94,16459.75,16990.69
2015,clear,78,4,summer,45,down,-196.13,16263.62,16459.75
2015,cloudy,78,4,summer,63,down,-196.13,16067.48,16263.62
2015,cloudy,80,3,summer,63,down,-196.13,15871.35,16067.48
2015,cloudy,82,4,summer,53,down,-204.91,15666.44,15871.35
2015,clear,76,4,summer,46,up,619.07,16285.51,15666.44
2015,clear,75,3,summer,50,up,369.26,16654.77,16285.51
2015,clear,73,2,summer,50,down,-11.76,16643.01,16654.77
2015,clear,77,2,summer,47,down,-38.33,16604.68,16643.01
2015,clear,81,4,summer,61,down,-38.33,16566.36,16604.68
2015,clear,84,4,summer,56,down,-38.33,16528.03,16566.36
2015,clear,42,5,spring,82,down,-77.94,17698.18,17776.12
2015,clear,54,6,spring,41,up,65.06,17763.24,17698.18
2015,rain,62,7,spring,84,up,29.40,17792.64,17763.24
2015,light rain,51,10,spring,87,up,29.40,17822.05,17792.64
2015,clear,52,5,spring,60,up,29.40,17851.45,17822.05
2015,clear,53,4,spring,76,up,29.40,17880.85,17851.45
2015,light rain,52,7,spring,89,down,-5.43,17875.42,17880.85
2015,overcast,41,11,spring,86,up,27.09,17902.51,17875.42
2015,clear,40,9,spring,92,up,56.22,17958.73,17902.51
2015,light rain,48,5,spring,96,up,98.92,18057.65,17958.73
2015,overcast,51,9,spring,66,down,-26.87,18030.78,18057.65
2015,overcast,55,3,spring,59,down,-26.87,18003.91,18030.78
2015,clear,59,5,spring,55,down,-26.87,17977.04,18003.91
2015,clear,60,4,spring,75,up,59.66,18036.70,17977.04
2015,clear,62,6,spring,41,up,75.91,18112.61,18036.70
2015,cloudy,58,7,spring,61,down,-6.84,18105.77,18112.61
2015,light rain,63,5,spring,83,down,-279.47,17826.30,18105.77
2015,cloudy,70,4,spring,56,up,69.54,17895.84,17826.30
2015,overcast,56,9,spring,61,up,69.54,17965.39,17895.84
2015,rain,52,7,spring,100,up,69.54,18034.93,17965.39
2015,rain,59,6,spring,100,down,-85.34,17949.59,18034.93
2015,heavy rain,59,6,spring,67,up,88.68,18038.27,17949.59
2015,clear,47,9,spring,62,up,20.42,18058.69,18038.27
2015,clear,46,9,spring,44,up,21.45,18080.14,18058.69
2015,cloudy,50,6,spring,52,down,-14.06,18066.08,18080.14
2015,overcast,55,5,spring,46,down,-14.06,18052.03,18066.08
2015,overcast,56,6,spring,50,down,-14.06,18037.97,18052.03
2015,cloudy,61,8,spring,61,up,72.17,18110.14,18037.97
2015,clear,64,6,spring,68,down,-74.61,18035.53,18110.14
2015,clear,58,8,spring,71,down,-195.01,17840.52,18035.53
2015,clear,56,5,spring,59,up,183.54,18024.06,17840.52
2015,clear,61,3,spring,56,up,15.45,18039.51,18024.06
2015,clear,66,3,spring,41,up,15.45,18054.95,18039.51
2015,cloudy,71,5,spring,47,up,15.45,18070.40,18054.95
2015,overcast,76,4,spring,44,down,-142.20,17928.20,18070.40
2015,overcast,66,5,spring,41,down,-86.22,17841.98,17928.20
2015,clear,68,2,spring,54,up,82.08,17924.06,17841.98
2015,clear,69,3,spring,62,up,267.05,18191.11,17924.06
2015,cloudy,64,4,spring,77,down,-28.65,18162.46,18191.11
2015,overcast,72,4,spring,71,down,-28.65,18133.82,18162.46
2015,rain,77,4,spring,70,down,-28.65,18105.17,18133.82
2015,cloudy,75,5,spring,58,down,-36.94,18068.23,18105.17
2015,overcast,62,7,spring,43,down,-7.74,18060.49,18068.23
2015,clear,62,4,spring,37,up,191.75,18252.24,18060.49
2015,cloudy,65,3,spring,45,up,20.32,18272.56,18252.24
2015,heavy rain,66,2,spring,67,up,8.77,18281.33,18272.56
2015,light rain,74,5,spring,72,up,8.77,18290.11,18281.33
2015,overcast,68,2,spring,77,up,8.77,18298.88,18290.11
2015,rain,70,7,spring,72,up,13.51,18312.39,18298.88
2015,cloudy,61,3,spring,47,down,-26.99,18285.40,18312.39
2015,clear,57,6,spring,54,up,0.34,18285.74,18285.40
2015,clear,65,4,spring,51,down,-53.72,18232.02,18285.74
2015,clear,60,4,spring,38,down,-47.62,18184.40,18232.02
2015,overcast,69,5,spring,38,down,-47.62,18136.78,18184.40
2015,clear,75,5,spring,52,down,-47.62,18089.16,18136.78
2015,clear,78,5,spring,54,down,-47.62,18041.54,18089.16
2015,light rain,78,4,spring,70,up,121.45,18162.99,18041.54
2015,clear,78,4,spring,62,down,-36.87,18126.12,18162.99
2015,clear,75,6,spring,57,down,-115.44,18010.68,18126.12
2015,cloudy,76,6,spring,68,up,9.90,18020.58,18010.68
2015,rain,72,6,spring,74,up,9.90,18030.47,18020.58
2014,light rain,54,7,winter,62,down,-18.56,17776.80,17795.36
2014,light rain,39,9,winter,67,up,102.75,17879.55,17776.80
2014,rain,44,8,winter,73,up,33.07,17912.62,17879.55
2014,overcast,41,6,winter,48,down,-12.52,17900.10,17912.62
2014,light rain,39,6,winter,69,up,58.69,17958.79,17900.10
2014,light rain,45,4,winter,88,down,-35.44,17923.35,17958.79
2014,rain,36,12,winter,62,down,-35.44,17887.92,17923.35
2014,overcast,31,12,winter,51,down,-35.44,17852.48,17887.92
2014,rain,39,10,winter,81,down,-51.28,17801.20,17852.48
2014,snow,36,8,winter,74,down,-268.05,17533.15,17801.20
2014,light snow,35,8,winter,62,up,63.19,17596.34,17533.15
2014,clear,35,8,winter,57,down,-315.51,17280.83,17596.34
2014,overcast,39,9,winter,54,down,-33.33,17247.50,17280.83
2014,overcast,42,6,winter,60,down,-33.33,17214.17,17247.50
2014,overcast,43,3,winter,58,down,-33.33,17180.84,17214.17
2014,rain,44,4,winter,76,down,-111.97,17068.87,17180.84
2014,light rain,48,6,winter,73,up,288.00,17356.87,17068.87
2014,clear,40,9,winter,52,up,421.28,17778.15,17356.87
2014,cloudy,35,7,winter,56,up,26.65,17804.80,17778.15
2014,overcast,32,5,winter,57,up,51.55,17856.35,17804.80
2014,snow,34,5,winter,73,up,51.55,17907.89,17856.35
2014,light rain,40,6,winter,82,up,51.55,17959.44,17907.89
2014,heavy rain,45,8,winter,91,up,64.73,18024.17,17959.44
2014,rain,51,6,winter,96,up,6.04,18030.21,18024.17
2014,light rain,53,10,winter,69,up,11.75,18041.96,18030.21
2014,cloudy,45,6,winter,53,up,11.75,18053.71,18041.96
2014,overcast,50,4,winter,47,down,-5.16,18048.55,18053.71
2014,rain,49,6,winter,73,down,-5.16,18043.39,18048.55
2014,clear,39,5,winter,42,down,-5.16,18038.23,18043.39
2014,overcast,31,4,winter,47,down,-55.16,17983.07,18038.23
2014,cloudy,30,6,winter,43,down,-160.00,17823.07,17983.07
2015,overcast,33,7,winter,37,up,4.96,17828.03,17823.07
2015,clear,39,7,winter,43,up,4.96,17832.99,17828.03
2015,snow,38,6,winter,68,down,-110.45,17722.54,17832.99
2015,light rain,49,6,winter,88,down,-110.45,17612.10,17722.54
2015,overcast,35,11,winter,38,down,-110.45,17501.65,17612.10
2015,snow,21,4,winter,57,down,-130.01,17371.64,17501.65
2015,cloudy,16,13,winter,49,up,212.88,17584.52,17371.64
2015,overcast,15,9,winter,48,up,323.35,17907.87,17584.52
2015,light snow,26,9,winter,57,down,-170.50,17737.37,17907.87
2015,overcast,20,8,winter,41,down,-32.18,17705.19,17737.37
2015,clear,28,6,winter,38,down,-32.18,17673.02,17705.19
2015,light rain,37,4,winter,64,down,-32.18,17640.84,17673.02
2015,overcast,27,9,winter,61,down,-27.16,17613.68,17640.84
2015,clear,24,6,winter,56,down,-186.59,17427.09,17613.68
2015,cloudy,30,5,winter,55,down,-106.38,17320.71,17427.09
2015,overcast,32,10,winter,45,up,190.86,17511.57,17320.71
2015,overcast,25,6,winter,41,up,0.92,17512.49,17511.57
2015,light rain,37,4,winter,77,up,0.92,17513.40,17512.49
2015,overcast,39,8,winter,62,up,0.92,17514.32,17513.40
2015,overcast,36,6,winter,47,up,0.92,17515.23,17514.32
2015,clear,31,4,winter,38,up,39.05,17554.28,17515.23
2015,clear,36,6,winter,56,up,259.70,17813.98,17554.28
2015,cloudy,34,6,winter,50,down,-141.38,17672.60,17813.98
2015,light snow,36,6,winter,71,up,6.10,17678.70,17672.60
2015,overcast,37,6,winter,48,down,-291.49,17387.21,17678.70
2015,snow,27,13,winter,61,down,-195.84,17191.37,17387.21
2015,snow,25,8,winter,66,up,225.48,17416.85,17191.37
2015,overcast,25,8,winter,45,down,-251.90,17164.95,17416.85
2015,snow,28,4,winter,52,up,65.36,17230.31,17164.95
2015,snow,29,11,winter,63,up,65.36,17295.68,17230.31
2015,overcast,20,12,winter,41,up,65.36,17361.04,17295.68
